First_Author,Year,PubMedID,Disease,Region,Subregion,Author_Region,Region_Code,FACS_Sorted,Unbiased_Sampling,Platform,Author_No.Nuclei,Author_No.Cell_Types,Author_Median_UMIs_PC,Author_Median_Unique_Genes_PC,Plot_Label,Directory,Author_Counts,Author_Barcodes,Author_Genes,Author_Barcode_Annotations,Dataset,Study,Filter_Size,Mean_PMI,Author_Genes_Mapped,Author_Counts_QC,Author_Barcodes_QC,Author_Counts_QC_PC_Genes,Author_Normalized_Counts_QC_Intersection_PC_Genes,Author_Mean_Normalized_Counts_QC_Intersection_PC_Genes,Author_Barcode_Annotations_Class
Agarwal,2020,32826893,Normal,Cortex,Frontal cortex,Middle frontal gyrus,FC,Y,Y,10x Chromium V2,10652,23,4987,2772,Agarwal FC MFG,/home/shared/scsn.expr_data/human_expr/postnatal/agarwal_2020/,/home/shared/scsn.expr_data/human_expr/postnatal/agarwal_2020/cortex/matrix_cortex_annotated.mtx,/home/shared/scsn.expr_data/human_expr/postnatal/agarwal_2020/cortex/barcodes_cortex_annotated.tsv,/home/shared/scsn.expr_data/human_expr/postnatal/agarwal_2020/cortex/genes_cortex.tsv,/home/shared/scsn.expr_data/human_expr/postnatal/agarwal_2020/cortex/author_barcode_annotations_cortex.csv,Agarwal_2020_10x_Chromium_V2_Middle_frontal_gyrus,Agarwal 2020,35,34.7,/home/rebecca/SCSN_meta_analysis/prelim_new/4_map_identifiers/data/Agarwal_2020_10x_Chromium_V2_Middle_frontal_gyrus_genes_mapped.csv,/home/rebecca/SCSN_meta_analysis/prelim_new/5_QC/data/author_data/Agarwal_2020_10x_Chromium_V2_Middle_frontal_gyrus_expression_QC_counts_>.05%tile_genes_expressed_&_<=5%_mito_reads.mtx,/home/rebecca/SCSN_meta_analysis/prelim_new/5_QC/data/author_data/Agarwal_2020_10x_Chromium_V2_Middle_frontal_gyrus_barcodes_QC_counts_>.05%tile_genes_expressed_&_<=5%_mito_reads.csv,/home/rebecca/SCSN_meta_analysis/prelim_new/7_max_expr/data/author_data/QC_counts/Agarwal_2020_10x_Chromium_V2_Middle_frontal_gyrus_expression_author_data_QC_counts_10652_nuclei_16662_protein_coding_genes.csv,/home/rebecca/SCSN_meta_analysis/prelim_new/9_normalize/data/author_data/QC_counts/Agarwal_2020_10x_Chromium_V2_Middle_frontal_gyrus_expression_author_data_QC_counts_10652_nuclei_8596_intersection_genes_lib_norm_log2.csv,/home/rebecca/SCSN_meta_analysis/prelim_new/11_dataset_mean_expr/data/author_data/normalized_counts/Agarwal_2020_10x_Chromium_V2_Middle_frontal_gyrus_expression_author_data_normalized_counts_10652_nuclei_8596_intersection_genes_lib_norm_log2_mean_expr.csv,/home/rebecca/SCSN_meta_analysis/prelim_new/12_cell_class_annotations/data/author_data/Agarwal_2020_10x_Chromium_V2_Middle_frontal_gyrus_barcode_annotations_cell_class_annotated.csv
ABI,2019,,Normal,Cortex,Anterior cingulate cortex,Anterior cingulate cortex,FC,Y,N,SMART-Seq v4,5909,103,982191,6361,ABI FC ACC,/home/shared/scsn.expr_data/human_expr/postnatal/ABI_2019_cortical_regions/,/home/shared/scsn.expr_data/human_expr/postnatal/ABI_2019_cortical_regions/ACC/expression_ACC.csv,/home/shared/scsn.expr_data/human_expr/postnatal/ABI_2019_cortical_regions/ACC/barcodes_ACC.tsv,/home/shared/scsn.expr_data/human_expr/postnatal/ABI_2019_cortical_regions/ACC/genes_ACC.tsv,/home/shared/scsn.expr_data/human_expr/postnatal/ABI_2019_cortical_regions/ACC/author_barcode_annotations_ACC.csv,ABI_2019_SMART-Seq_v4_Anterior_cingulate_cortex,ABI 2019,,22.7,/home/rebecca/SCSN_meta_analysis/prelim_new/4_map_identifiers/data/ABI_2019_SMART-Seq_v4_Anterior_cingulate_cortex_genes_mapped.csv,/home/rebecca/SCSN_meta_analysis/prelim_new/5_QC/data/author_data/ABI_2019_SMART-Seq_v4_Anterior_cingulate_cortex_expression_QC_counts_>.05%tile_genes_expressed_&_<=5%_mito_reads.csv,/home/rebecca/SCSN_meta_analysis/prelim_new/5_QC/data/author_data/ABI_2019_SMART-Seq_v4_Anterior_cingulate_cortex_barcodes_QC_counts_>.05%tile_genes_expressed_&_<=5%_mito_reads.csv,/home/rebecca/SCSN_meta_analysis/prelim_new/7_max_expr/data/author_data/QC_counts/ABI_2019_SMART-Seq_v4_Anterior_cingulate_cortex_expression_author_data_QC_counts_5909_nuclei_17936_protein_coding_genes.csv,/home/rebecca/SCSN_meta_analysis/prelim_new/9_normalize/data/author_data/QC_counts/ABI_2019_SMART-Seq_v4_Anterior_cingulate_cortex_expression_author_data_QC_counts_5909_nuclei_8596_intersection_genes_lib_norm_log2.csv,/home/rebecca/SCSN_meta_analysis/prelim_new/11_dataset_mean_expr/data/author_data/normalized_counts/ABI_2019_SMART-Seq_v4_Anterior_cingulate_cortex_expression_author_data_normalized_counts_5909_nuclei_8596_intersection_genes_lib_norm_log2_mean_expr.csv,/home/rebecca/SCSN_meta_analysis/prelim_new/12_cell_class_annotations/data/author_data/ABI_2019_SMART-Seq_v4_Anterior_cingulate_cortex_barcode_annotations_cell_class_annotated.csv
ABI,2019,,Normal,Cortex,Temporal lobe,A1,TC,Y,N,SMART-Seq v4,6437,113,829100,6125,ABI TC,/home/shared/scsn.expr_data/human_expr/postnatal/ABI_2019_cortical_regions/,/home/shared/scsn.expr_data/human_expr/postnatal/ABI_2019_cortical_regions/A1/expression_A1.csv,/home/shared/scsn.expr_data/human_expr/postnatal/ABI_2019_cortical_regions/A1/barcodes_A1.tsv,/home/shared/scsn.expr_data/human_expr/postnatal/ABI_2019_cortical_regions/A1/genes_A1.tsv,/home/shared/scsn.expr_data/human_expr/postnatal/ABI_2019_cortical_regions/A1/author_barcode_annotations_A1.csv,ABI_2019_SMART-Seq_v4_A1,ABI 2019,,22.7,/home/rebecca/SCSN_meta_analysis/prelim_new/4_map_identifiers/data/ABI_2019_SMART-Seq_v4_A1_genes_mapped.csv,/home/rebecca/SCSN_meta_analysis/prelim_new/5_QC/data/author_data/ABI_2019_SMART-Seq_v4_A1_expression_QC_counts_>.05%tile_genes_expressed_&_<=5%_mito_reads.csv,/home/rebecca/SCSN_meta_analysis/prelim_new/5_QC/data/author_data/ABI_2019_SMART-Seq_v4_A1_barcodes_QC_counts_>.05%tile_genes_expressed_&_<=5%_mito_reads.csv,/home/rebecca/SCSN_meta_analysis/prelim_new/7_max_expr/data/author_data/QC_counts/ABI_2019_SMART-Seq_v4_A1_expression_author_data_QC_counts_6437_nuclei_17936_protein_coding_genes.csv,/home/rebecca/SCSN_meta_analysis/prelim_new/9_normalize/data/author_data/QC_counts/ABI_2019_SMART-Seq_v4_A1_expression_author_data_QC_counts_6437_nuclei_8596_intersection_genes_lib_norm_log2.csv,/home/rebecca/SCSN_meta_analysis/prelim_new/11_dataset_mean_expr/data/author_data/normalized_counts/ABI_2019_SMART-Seq_v4_A1_expression_author_data_normalized_counts_6437_nuclei_8596_intersection_genes_lib_norm_log2_mean_expr.csv,/home/rebecca/SCSN_meta_analysis/prelim_new/12_cell_class_annotations/data/author_data/ABI_2019_SMART-Seq_v4_A1_barcode_annotations_cell_class_annotated.csv
ABI,2019,,Normal,Cortex,Parietal lobe,S1,SC,Y,N,SMART-Seq v4,5669,107,859471,5825,ABI SC,/home/shared/scsn.expr_data/human_expr/postnatal/ABI_2019_cortical_regions/,/home/shared/scsn.expr_data/human_expr/postnatal/ABI_2019_cortical_regions/S1/expression_S1.csv,/home/shared/scsn.expr_data/human_expr/postnatal/ABI_2019_cortical_regions/S1/barcodes_S1.tsv,/home/shared/scsn.expr_data/human_expr/postnatal/ABI_2019_cortical_regions/S1/genes_S1.tsv,/home/shared/scsn.expr_data/human_expr/postnatal/ABI_2019_cortical_regions/S1/author_barcode_annotations_S1.csv,ABI_2019_SMART-Seq_v4_S1,ABI 2019,,22.7,/home/rebecca/SCSN_meta_analysis/prelim_new/4_map_identifiers/data/ABI_2019_SMART-Seq_v4_S1_genes_mapped.csv,/home/rebecca/SCSN_meta_analysis/prelim_new/5_QC/data/author_data/ABI_2019_SMART-Seq_v4_S1_expression_QC_counts_>.05%tile_genes_expressed_&_<=5%_mito_reads.csv,/home/rebecca/SCSN_meta_analysis/prelim_new/5_QC/data/author_data/ABI_2019_SMART-Seq_v4_S1_barcodes_QC_counts_>.05%tile_genes_expressed_&_<=5%_mito_reads.csv,/home/rebecca/SCSN_meta_analysis/prelim_new/7_max_expr/data/author_data/QC_counts/ABI_2019_SMART-Seq_v4_S1_expression_author_data_QC_counts_5669_nuclei_17899_protein_coding_genes.csv,/home/rebecca/SCSN_meta_analysis/prelim_new/9_normalize/data/author_data/QC_counts/ABI_2019_SMART-Seq_v4_S1_expression_author_data_QC_counts_5669_nuclei_8596_intersection_genes_lib_norm_log2.csv,/home/rebecca/SCSN_meta_analysis/prelim_new/11_dataset_mean_expr/data/author_data/normalized_counts/ABI_2019_SMART-Seq_v4_S1_expression_author_data_normalized_counts_5669_nuclei_8596_intersection_genes_lib_norm_log2_mean_expr.csv,/home/rebecca/SCSN_meta_analysis/prelim_new/12_cell_class_annotations/data/author_data/ABI_2019_SMART-Seq_v4_S1_barcode_annotations_cell_class_annotated.csv
ABI,2019,,Normal,Cortex,Occipital lobe,V1,OC,Y,N,SMART-Seq v4,7811,99,947459,6089,ABI OC,/home/shared/scsn.expr_data/human_expr/postnatal/ABI_2019_cortical_regions/,/home/shared/scsn.expr_data/human_expr/postnatal/ABI_2019_cortical_regions/V1/expression_V1.csv,/home/shared/scsn.expr_data/human_expr/postnatal/ABI_2019_cortical_regions/V1/barcodes_V1.tsv,/home/shared/scsn.expr_data/human_expr/postnatal/ABI_2019_cortical_regions/V1/genes_V1.tsv,/home/shared/scsn.expr_data/human_expr/postnatal/ABI_2019_cortical_regions/V1/author_barcode_annotations_V1.csv,ABI_2019_SMART-Seq_v4_V1,ABI 2019,,22.7,/home/rebecca/SCSN_meta_analysis/prelim_new/4_map_identifiers/data/ABI_2019_SMART-Seq_v4_V1_genes_mapped.csv,/home/rebecca/SCSN_meta_analysis/prelim_new/5_QC/data/author_data/ABI_2019_SMART-Seq_v4_V1_expression_QC_counts_>.05%tile_genes_expressed_&_<=5%_mito_reads.csv,/home/rebecca/SCSN_meta_analysis/prelim_new/5_QC/data/author_data/ABI_2019_SMART-Seq_v4_V1_barcodes_QC_counts_>.05%tile_genes_expressed_&_<=5%_mito_reads.csv,/home/rebecca/SCSN_meta_analysis/prelim_new/7_max_expr/data/author_data/QC_counts/ABI_2019_SMART-Seq_v4_V1_expression_author_data_QC_counts_7811_nuclei_17957_protein_coding_genes.csv,/home/rebecca/SCSN_meta_analysis/prelim_new/9_normalize/data/author_data/QC_counts/ABI_2019_SMART-Seq_v4_V1_expression_author_data_QC_counts_7811_nuclei_8596_intersection_genes_lib_norm_log2.csv,/home/rebecca/SCSN_meta_analysis/prelim_new/11_dataset_mean_expr/data/author_data/normalized_counts/ABI_2019_SMART-Seq_v4_V1_expression_author_data_normalized_counts_7811_nuclei_8596_intersection_genes_lib_norm_log2_mean_expr.csv,/home/rebecca/SCSN_meta_analysis/prelim_new/12_cell_class_annotations/data/author_data/ABI_2019_SMART-Seq_v4_V1_barcode_annotations_cell_class_annotated.csv
Bakken,2019,34616062,Normal,Cortex,Frontal cortex,M1,FC,Y,N,SMART-Seq v4,10215,129,860232,6041,Bakken FC M1 SSv4,/home/shared/scsn.expr_data/human_expr/postnatal/bakken_2019/,/home/shared/scsn.expr_data/human_expr/postnatal/bakken_2019/SSv4/NeMO/matrix_SSv4_annotated.mtx,/home/shared/scsn.expr_data/human_expr/postnatal/bakken_2019/SSv4/NeMO/barcodes_SSv4_annotated.tsv,/home/shared/scsn.expr_data/human_expr/postnatal/bakken_2019/SSv4/NeMO/genes_SSv4.tsv,/home/shared/scsn.expr_data/human_expr/postnatal/bakken_2019/SSv4/NeMO/author_barcode_annotations_SSv4.csv,Bakken_2019_SMART-Seq_v4_M1,Bakken 2019,,24,/home/rebecca/SCSN_meta_analysis/prelim_new/4_map_identifiers/data/Bakken_2019_SMART-Seq_v4_M1_genes_mapped.csv,/home/rebecca/SCSN_meta_analysis/prelim_new/5_QC/data/author_data/Bakken_2019_SMART-Seq_v4_M1_expression_QC_counts_>.05%tile_genes_expressed_&_<=5%_mito_reads.mtx,/home/rebecca/SCSN_meta_analysis/prelim_new/5_QC/data/author_data/Bakken_2019_SMART-Seq_v4_M1_barcodes_QC_counts_>.05%tile_genes_expressed_&_<=5%_mito_reads.csv,/home/rebecca/SCSN_meta_analysis/prelim_new/7_max_expr/data/author_data/QC_counts/Bakken_2019_SMART-Seq_v4_M1_expression_author_data_QC_counts_10215_nuclei_17994_protein_coding_genes.csv,/home/rebecca/SCSN_meta_analysis/prelim_new/9_normalize/data/author_data/QC_counts/Bakken_2019_SMART-Seq_v4_M1_expression_author_data_QC_counts_10215_nuclei_8596_intersection_genes_lib_norm_log2.csv,/home/rebecca/SCSN_meta_analysis/prelim_new/11_dataset_mean_expr/data/author_data/normalized_counts/Bakken_2019_SMART-Seq_v4_M1_expression_author_data_normalized_counts_10215_nuclei_8596_intersection_genes_lib_norm_log2_mean_expr.csv,/home/rebecca/SCSN_meta_analysis/prelim_new/12_cell_class_annotations/data/author_data/Bakken_2019_SMART-Seq_v4_M1_barcode_annotations_cell_class_annotated.csv
Bakken,2019,34616062,Normal,Cortex,Frontal cortex,M1,FC,Y,N,10x Chromium V3,76239,128,17273,4843,Bakken FC M1 10x,/home/shared/scsn.expr_data/human_expr/postnatal/bakken_2019/,/home/shared/scsn.expr_data/human_expr/postnatal/bakken_2019/10x/NeMO/matrix_10x.mtx,/home/shared/scsn.expr_data/human_expr/postnatal/bakken_2019/10x/NeMO/barcodes_10x.tsv,/home/shared/scsn.expr_data/human_expr/postnatal/bakken_2019/10x/NeMO/genes_10x.tsv,/home/shared/scsn.expr_data/human_expr/postnatal/bakken_2019/10x/NeMO/author_barcode_annotations_10x.csv,Bakken_2019_10x_Chromium_V3_M1,Bakken 2019,,14,/home/rebecca/SCSN_meta_analysis/prelim_new/4_map_identifiers/data/Bakken_2019_10x_Chromium_V3_M1_genes_mapped.csv,/home/rebecca/SCSN_meta_analysis/prelim_new/5_QC/data/author_data/Bakken_2019_10x_Chromium_V3_M1_expression_QC_counts_>.05%tile_genes_expressed_&_<=5%_mito_reads.mtx,/home/rebecca/SCSN_meta_analysis/prelim_new/5_QC/data/author_data/Bakken_2019_10x_Chromium_V3_M1_barcodes_QC_counts_>.05%tile_genes_expressed_&_<=5%_mito_reads.csv,/home/rebecca/SCSN_meta_analysis/prelim_new/7_max_expr/data/author_data/QC_counts/Bakken_2019_10x_Chromium_V3_M1_expression_author_data_QC_counts_76239_nuclei_17179_protein_coding_genes.csv,/home/rebecca/SCSN_meta_analysis/prelim_new/9_normalize/data/author_data/QC_counts/Bakken_2019_10x_Chromium_V3_M1_expression_author_data_QC_counts_76239_nuclei_8596_intersection_genes_lib_norm_log2.csv,/home/rebecca/SCSN_meta_analysis/prelim_new/11_dataset_mean_expr/data/author_data/normalized_counts/Bakken_2019_10x_Chromium_V3_M1_expression_author_data_normalized_counts_76239_nuclei_8596_intersection_genes_lib_norm_log2_mean_expr.csv,/home/rebecca/SCSN_meta_analysis/prelim_new/12_cell_class_annotations/data/author_data/Bakken_2019_10x_Chromium_V3_M1_barcode_annotations_cell_class_annotated.csv
Habib,2017,28846088,Normal,Cortex,Frontal cortex,Prefrontal cortex,FC,N,Y,DroNc-seq,5207,14,724,623,Habib PFC,/home/shared/scsn.expr_data/human_expr/postnatal/habib_2017/,/home/shared/scsn.expr_data/human_expr/postnatal/habib_2017/PFC/expression_PFC.csv,/home/shared/scsn.expr_data/human_expr/postnatal/habib_2017/PFC/barcodes_PFC.tsv,/home/shared/scsn.expr_data/human_expr/postnatal/habib_2017/PFC/genes_PFC.tsv,/home/shared/scsn.expr_data/human_expr/postnatal/habib_2017/PFC/author_barcode_annotations_PFC.csv,Habib_2017_DroNc-seq_Prefrontal_cortex,Habib 2017,35,10.4,/home/rebecca/SCSN_meta_analysis/prelim_new/4_map_identifiers/data/Habib_2017_DroNc-seq_Prefrontal_cortex_genes_mapped.csv,/home/rebecca/SCSN_meta_analysis/prelim_new/5_QC/data/author_data/Habib_2017_DroNc-seq_Prefrontal_cortex_expression_QC_counts_>.05%tile_genes_expressed_&_<=5%_mito_reads.csv,/home/rebecca/SCSN_meta_analysis/prelim_new/5_QC/data/author_data/Habib_2017_DroNc-seq_Prefrontal_cortex_barcodes_QC_counts_>.05%tile_genes_expressed_&_<=5%_mito_reads.csv,/home/rebecca/SCSN_meta_analysis/prelim_new/7_max_expr/data/author_data/QC_counts/Habib_2017_DroNc-seq_Prefrontal_cortex_expression_author_data_QC_counts_5207_nuclei_16071_protein_coding_genes.csv,/home/rebecca/SCSN_meta_analysis/prelim_new/9_normalize/data/author_data/QC_counts/Habib_2017_DroNc-seq_Prefrontal_cortex_expression_author_data_QC_counts_5207_nuclei_8596_intersection_genes_lib_norm_log2.csv,/home/rebecca/SCSN_meta_analysis/prelim_new/11_dataset_mean_expr/data/author_data/normalized_counts/Habib_2017_DroNc-seq_Prefrontal_cortex_expression_author_data_normalized_counts_5207_nuclei_8596_intersection_genes_lib_norm_log2_mean_expr.csv,/home/rebecca/SCSN_meta_analysis/prelim_new/12_cell_class_annotations/data/author_data/Habib_2017_DroNc-seq_Prefrontal_cortex_barcode_annotations_cell_class_annotated.csv
Hodge,2018,31435019,Normal,Cortex,Temporal lobe,Middle temporal gyrus,TC,Y,N,SMART-Seq v4,15524,75,1608215.5,7012,Hodge TC MTG,/home/shared/scsn.expr_data/human_expr/postnatal/hodge_2018/,/home/shared/scsn.expr_data/human_expr/postnatal/hodge_2018/ABI/expression.csv,/home/shared/scsn.expr_data/human_expr/postnatal/hodge_2018/ABI/barcodes.tsv,/home/shared/scsn.expr_data/human_expr/postnatal/hodge_2018/ABI/genes.tsv,/home/shared/scsn.expr_data/human_expr/postnatal/hodge_2018/ABI/author_barcode_annotations.csv,Hodge_2018_SMART-Seq_v4_Middle_temporal_gyrus,Hodge 2018,30,22.5,/home/rebecca/SCSN_meta_analysis/prelim_new/4_map_identifiers/data/Hodge_2018_SMART-Seq_v4_Middle_temporal_gyrus_genes_mapped.csv,/home/rebecca/SCSN_meta_analysis/prelim_new/5_QC/data/author_data/Hodge_2018_SMART-Seq_v4_Middle_temporal_gyrus_expression_QC_counts_>.05%tile_genes_expressed_&_<=5%_mito_reads.csv,/home/rebecca/SCSN_meta_analysis/prelim_new/5_QC/data/author_data/Hodge_2018_SMART-Seq_v4_Middle_temporal_gyrus_barcodes_QC_counts_>.05%tile_genes_expressed_&_<=5%_mito_reads.csv,/home/rebecca/SCSN_meta_analysis/prelim_new/7_max_expr/data/author_data/QC_counts/Hodge_2018_SMART-Seq_v4_Middle_temporal_gyrus_expression_author_data_QC_counts_15524_nuclei_18141_protein_coding_genes.csv,/home/rebecca/SCSN_meta_analysis/prelim_new/9_normalize/data/author_data/QC_counts/Hodge_2018_SMART-Seq_v4_Middle_temporal_gyrus_expression_author_data_QC_counts_15524_nuclei_8596_intersection_genes_lib_norm_log2.csv,/home/rebecca/SCSN_meta_analysis/prelim_new/11_dataset_mean_expr/data/author_data/normalized_counts/Hodge_2018_SMART-Seq_v4_Middle_temporal_gyrus_expression_author_data_normalized_counts_15524_nuclei_8596_intersection_genes_lib_norm_log2_mean_expr.csv,/home/rebecca/SCSN_meta_analysis/prelim_new/12_cell_class_annotations/data/author_data/Hodge_2018_SMART-Seq_v4_Middle_temporal_gyrus_barcode_annotations_cell_class_annotated.csv
Khrameeva,2020,32424074,Normal,Cortex,Anterior cingulate cortex,BA24,FC,Y,Y,10x Chromium V2,6746,,434,395,Khrameeva FC BA24,/home/shared/scsn.expr_data/human_expr/postnatal/khrameeva_2020/,/home/shared/scsn.expr_data/human_expr/postnatal/khrameeva_2020/ACC/matrix_ACC.mtx,/home/shared/scsn.expr_data/human_expr/postnatal/khrameeva_2020/ACC/barcodes_ACC.tsv,/home/shared/scsn.expr_data/human_expr/postnatal/khrameeva_2020/ACC/genes_ACC.tsv,,Khrameeva_2020_10x_Chromium_V2_BA24,Khrameeva 2020,30,,/home/rebecca/SCSN_meta_analysis/prelim_new/4_map_identifiers/data/Khrameeva_2020_10x_Chromium_V2_BA24_genes_mapped.csv,/home/rebecca/SCSN_meta_analysis/prelim_new/5_QC/data/author_data/Khrameeva_2020_10x_Chromium_V2_BA24_expression_QC_counts_>.05%tile_genes_expressed_&_<=5%_mito_reads.mtx,/home/rebecca/SCSN_meta_analysis/prelim_new/5_QC/data/author_data/Khrameeva_2020_10x_Chromium_V2_BA24_barcodes_QC_counts_>.05%tile_genes_expressed_&_<=5%_mito_reads.csv,/home/rebecca/SCSN_meta_analysis/prelim_new/7_max_expr/data/author_data/QC_counts/Khrameeva_2020_10x_Chromium_V2_BA24_expression_author_data_QC_counts_6746_nuclei_15389_protein_coding_genes.csv,/home/rebecca/SCSN_meta_analysis/prelim_new/9_normalize/data/author_data/QC_counts/Khrameeva_2020_10x_Chromium_V2_BA24_expression_author_data_QC_counts_6746_nuclei_8596_intersection_genes_lib_norm_log2.csv,/home/rebecca/SCSN_meta_analysis/prelim_new/11_dataset_mean_expr/data/author_data/normalized_counts/Khrameeva_2020_10x_Chromium_V2_BA24_expression_author_data_normalized_counts_6746_nuclei_8596_intersection_genes_lib_norm_log2_mean_expr.csv,
Lake,2018,29227469,Normal,Cortex,Frontal cortex,BA6,FC,Y,Y,snDrop-seq,4146,24,767.5,610.5,Lake FC BA6,/home/shared/scsn.expr_data/human_expr/postnatal/lake_2018/,/home/shared/scsn.expr_data/human_expr/postnatal/lake_2018/FCX/BA6/expression_BA6.csv,/home/shared/scsn.expr_data/human_expr/postnatal/lake_2018/FCX/BA6/barcodes_BA6.tsv,/home/shared/scsn.expr_data/human_expr/postnatal/lake_2018/FCX/BA6/genes_BA6.tsv,/home/shared/scsn.expr_data/human_expr/postnatal/lake_2018/FCX/BA6/author_barcode_annotations_BA6.csv,Lake_2018_snDrop-seq_BA6,Lake 2018,50,14,/home/rebecca/SCSN_meta_analysis/prelim_new/4_map_identifiers/data/Lake_2018_snDrop-seq_BA6_genes_mapped.csv,/home/rebecca/SCSN_meta_analysis/prelim_new/5_QC/data/author_data/Lake_2018_snDrop-seq_BA6_expression_QC_counts_>.05%tile_genes_expressed_&_<=5%_mito_reads.csv,/home/rebecca/SCSN_meta_analysis/prelim_new/5_QC/data/author_data/Lake_2018_snDrop-seq_BA6_barcodes_QC_counts_>.05%tile_genes_expressed_&_<=5%_mito_reads.csv,/home/rebecca/SCSN_meta_analysis/prelim_new/7_max_expr/data/author_data/QC_counts/Lake_2018_snDrop-seq_BA6_expression_author_data_QC_counts_4146_nuclei_15508_protein_coding_genes.csv,/home/rebecca/SCSN_meta_analysis/prelim_new/9_normalize/data/author_data/QC_counts/Lake_2018_snDrop-seq_BA6_expression_author_data_QC_counts_4146_nuclei_8596_intersection_genes_lib_norm_log2.csv,/home/rebecca/SCSN_meta_analysis/prelim_new/11_dataset_mean_expr/data/author_data/normalized_counts/Lake_2018_snDrop-seq_BA6_expression_author_data_normalized_counts_4146_nuclei_8596_intersection_genes_lib_norm_log2_mean_expr.csv,/home/rebecca/SCSN_meta_analysis/prelim_new/12_cell_class_annotations/data/author_data/Lake_2018_snDrop-seq_BA6_barcode_annotations_cell_class_annotated.csv
Lake,2018,29227469,Normal,Cortex,Frontal cortex,BA10,FC,Y,Y,snDrop-seq,6128,24,668,539,Lake FC BA10,/home/shared/scsn.expr_data/human_expr/postnatal/lake_2018/,/home/shared/scsn.expr_data/human_expr/postnatal/lake_2018/FCX/BA10/expression_BA10.csv,/home/shared/scsn.expr_data/human_expr/postnatal/lake_2018/FCX/BA10/barcodes_BA10.tsv,/home/shared/scsn.expr_data/human_expr/postnatal/lake_2018/FCX/BA10/genes_BA10.tsv,/home/shared/scsn.expr_data/human_expr/postnatal/lake_2018/FCX/BA10/author_barcode_annotations_BA10.csv,Lake_2018_snDrop-seq_BA10,Lake 2018,50,17.5,/home/rebecca/SCSN_meta_analysis/prelim_new/4_map_identifiers/data/Lake_2018_snDrop-seq_BA10_genes_mapped.csv,/home/rebecca/SCSN_meta_analysis/prelim_new/5_QC/data/author_data/Lake_2018_snDrop-seq_BA10_expression_QC_counts_>.05%tile_genes_expressed_&_<=5%_mito_reads.csv,/home/rebecca/SCSN_meta_analysis/prelim_new/5_QC/data/author_data/Lake_2018_snDrop-seq_BA10_barcodes_QC_counts_>.05%tile_genes_expressed_&_<=5%_mito_reads.csv,/home/rebecca/SCSN_meta_analysis/prelim_new/7_max_expr/data/author_data/QC_counts/Lake_2018_snDrop-seq_BA10_expression_author_data_QC_counts_6128_nuclei_15791_protein_coding_genes.csv,/home/rebecca/SCSN_meta_analysis/prelim_new/9_normalize/data/author_data/QC_counts/Lake_2018_snDrop-seq_BA10_expression_author_data_QC_counts_6128_nuclei_8596_intersection_genes_lib_norm_log2.csv,/home/rebecca/SCSN_meta_analysis/prelim_new/11_dataset_mean_expr/data/author_data/normalized_counts/Lake_2018_snDrop-seq_BA10_expression_author_data_normalized_counts_6128_nuclei_8596_intersection_genes_lib_norm_log2_mean_expr.csv,/home/rebecca/SCSN_meta_analysis/prelim_new/12_cell_class_annotations/data/author_data/Lake_2018_snDrop-seq_BA10_barcode_annotations_cell_class_annotated.csv
Lake,2018,29227469,Normal,Cortex,V1,BA17,OC,Y,Y,snDrop-seq,19274,28,1025,773,Lake OC BA17,/home/shared/scsn.expr_data/human_expr/postnatal/lake_2018/,/home/shared/scsn.expr_data/human_expr/postnatal/lake_2018/V1/expression_V1.csv,/home/shared/scsn.expr_data/human_expr/postnatal/lake_2018/V1/barcodes_V1.tsv,/home/shared/scsn.expr_data/human_expr/postnatal/lake_2018/V1/genes_V1.tsv,/home/shared/scsn.expr_data/human_expr/postnatal/lake_2018/V1/author_barcode_annotations_V1.csv,Lake_2018_snDrop-seq_BA17,Lake 2018,50,16,/home/rebecca/SCSN_meta_analysis/prelim_new/4_map_identifiers/data/Lake_2018_snDrop-seq_BA17_genes_mapped.csv,/home/rebecca/SCSN_meta_analysis/prelim_new/5_QC/data/author_data/Lake_2018_snDrop-seq_BA17_expression_QC_counts_>.05%tile_genes_expressed_&_<=5%_mito_reads.csv,/home/rebecca/SCSN_meta_analysis/prelim_new/5_QC/data/author_data/Lake_2018_snDrop-seq_BA17_barcodes_QC_counts_>.05%tile_genes_expressed_&_<=5%_mito_reads.csv,/home/rebecca/SCSN_meta_analysis/prelim_new/7_max_expr/data/author_data/QC_counts/Lake_2018_snDrop-seq_BA17_expression_author_data_QC_counts_19274_nuclei_16986_protein_coding_genes.csv,/home/rebecca/SCSN_meta_analysis/prelim_new/9_normalize/data/author_data/QC_counts/Lake_2018_snDrop-seq_BA17_expression_author_data_QC_counts_19274_nuclei_8596_intersection_genes_lib_norm_log2.csv,/home/rebecca/SCSN_meta_analysis/prelim_new/11_dataset_mean_expr/data/author_data/normalized_counts/Lake_2018_snDrop-seq_BA17_expression_author_data_normalized_counts_19274_nuclei_8596_intersection_genes_lib_norm_log2_mean_expr.csv,/home/rebecca/SCSN_meta_analysis/prelim_new/12_cell_class_annotations/data/author_data/Lake_2018_snDrop-seq_BA17_barcode_annotations_cell_class_annotated.csv
Li,2018,30545854,Normal,Cortex,Frontal cortex,BA9,FC,N,Y,10x Chromium V2,16979,29,3431,2153,Li FC BA9,/home/shared/scsn.expr_data/human_expr/postnatal/li_2018/,/home/shared/scsn.expr_data/human_expr/postnatal/li_2018/matrix.mtx,/home/shared/scsn.expr_data/human_expr/postnatal/li_2018/barcodes.tsv,/home/shared/scsn.expr_data/human_expr/postnatal/li_2018/genes.tsv,/home/shared/scsn.expr_data/human_expr/postnatal/li_2018/author_barcode_annotations.csv,Li_2018_10x_Chromium_V2_BA9,Li 2018,40,13,/home/rebecca/SCSN_meta_analysis/prelim_new/4_map_identifiers/data/Li_2018_10x_Chromium_V2_BA9_genes_mapped.csv,/home/rebecca/SCSN_meta_analysis/prelim_new/5_QC/data/author_data/Li_2018_10x_Chromium_V2_BA9_expression_QC_counts_>.05%tile_genes_expressed_&_<=5%_mito_reads.mtx,/home/rebecca/SCSN_meta_analysis/prelim_new/5_QC/data/author_data/Li_2018_10x_Chromium_V2_BA9_barcodes_QC_counts_>.05%tile_genes_expressed_&_<=5%_mito_reads.csv,/home/rebecca/SCSN_meta_analysis/prelim_new/7_max_expr/data/author_data/QC_counts/Li_2018_10x_Chromium_V2_BA9_expression_author_data_QC_counts_16979_nuclei_14830_protein_coding_genes.csv,/home/rebecca/SCSN_meta_analysis/prelim_new/9_normalize/data/author_data/QC_counts/Li_2018_10x_Chromium_V2_BA9_expression_author_data_QC_counts_16979_nuclei_8596_intersection_genes_lib_norm_log2.csv,/home/rebecca/SCSN_meta_analysis/prelim_new/11_dataset_mean_expr/data/author_data/normalized_counts/Li_2018_10x_Chromium_V2_BA9_expression_author_data_normalized_counts_16979_nuclei_8596_intersection_genes_lib_norm_log2_mean_expr.csv,/home/rebecca/SCSN_meta_analysis/prelim_new/12_cell_class_annotations/data/author_data/Li_2018_10x_Chromium_V2_BA9_barcode_annotations_cell_class_annotated.csv
Mathys,2019,31042697,Normal,Cortex,Frontal cortex,BA10,FC,N,Y,10x Chromium V3,33277,44,1862,1301,Mathys FC BA10,/home/shared/scsn.expr_data/human_expr/postnatal/mathys_2019/,/home/shared/scsn.expr_data/human_expr/postnatal/mathys_2019/skinnider_2021/controls/matrix_controls.mtx,/home/shared/scsn.expr_data/human_expr/postnatal/mathys_2019/skinnider_2021/controls/barcodes_controls.tsv,/home/shared/scsn.expr_data/human_expr/postnatal/mathys_2019/skinnider_2021/controls/genes_controls.tsv,/home/shared/scsn.expr_data/human_expr/postnatal/mathys_2019/skinnider_2021/controls/author_barcode_annotations_controls.csv,Mathys_2019_10x_Chromium_V3_BA10,Mathys 2019,40,,/home/rebecca/SCSN_meta_analysis/prelim_new/4_map_identifiers/data/Mathys_2019_10x_Chromium_V3_BA10_genes_mapped.csv,/home/rebecca/SCSN_meta_analysis/prelim_new/5_QC/data/author_data/Mathys_2019_10x_Chromium_V3_BA10_expression_QC_counts_>.05%tile_genes_expressed_&_<=5%_mito_reads.mtx,/home/rebecca/SCSN_meta_analysis/prelim_new/5_QC/data/author_data/Mathys_2019_10x_Chromium_V3_BA10_barcodes_QC_counts_>.05%tile_genes_expressed_&_<=5%_mito_reads.csv,/home/rebecca/SCSN_meta_analysis/prelim_new/7_max_expr/data/author_data/QC_counts/Mathys_2019_10x_Chromium_V3_BA10_expression_author_data_QC_counts_33277_nuclei_16755_protein_coding_genes.csv,/home/rebecca/SCSN_meta_analysis/prelim_new/9_normalize/data/author_data/QC_counts/Mathys_2019_10x_Chromium_V3_BA10_expression_author_data_QC_counts_33277_nuclei_8596_intersection_genes_lib_norm_log2.csv,/home/rebecca/SCSN_meta_analysis/prelim_new/11_dataset_mean_expr/data/author_data/normalized_counts/Mathys_2019_10x_Chromium_V3_BA10_expression_author_data_normalized_counts_33277_nuclei_8596_intersection_genes_lib_norm_log2_mean_expr.csv,/home/rebecca/SCSN_meta_analysis/prelim_new/12_cell_class_annotations/data/author_data/Mathys_2019_10x_Chromium_V3_BA10_barcode_annotations_cell_class_annotated.csv
Schirmer,2019,31316211,Normal,Cortex,Frontal cortex,Motor/pre-motor cortex,FC,N,Y,10x Chromium V2,5214,18,1718.5,1061,Schirmer FC M1,/home/shared/scsn.expr_data/human_expr/postnatal/schirmer_2019/,/home/shared/scsn.expr_data/human_expr/postnatal/schirmer_2019/UCSC/motor/matrix_motor_controls.mtx,/home/shared/scsn.expr_data/human_expr/postnatal/schirmer_2019/UCSC/motor/barcodes_motor_controls.tsv,/home/shared/scsn.expr_data/human_expr/postnatal/schirmer_2019/UCSC/motor/genes_motor_controls.tsv,/home/shared/scsn.expr_data/human_expr/postnatal/schirmer_2019/UCSC/motor/author_barcode_annotations_motor_controls.csv,Schirmer_2019_10x_Chromium_V2_Motor_pre-motor_cortex,Schirmer 2019,,19.5,/home/rebecca/SCSN_meta_analysis/prelim_new/4_map_identifiers/data/Schirmer_2019_10x_Chromium_V2_Motor_pre-motor_cortex_genes_mapped.csv,/home/rebecca/SCSN_meta_analysis/prelim_new/5_QC/data/author_data/Schirmer_2019_10x_Chromium_V2_Motor_pre-motor_cortex_expression_QC_counts_>.05%tile_genes_expressed_&_<=5%_mito_reads.mtx,/home/rebecca/SCSN_meta_analysis/prelim_new/5_QC/data/author_data/Schirmer_2019_10x_Chromium_V2_Motor_pre-motor_cortex_barcodes_QC_counts_>.05%tile_genes_expressed_&_<=5%_mito_reads.csv,/home/rebecca/SCSN_meta_analysis/prelim_new/7_max_expr/data/author_data/QC_counts/Schirmer_2019_10x_Chromium_V2_Motor_pre-motor_cortex_expression_author_data_QC_counts_5214_nuclei_16043_protein_coding_genes.csv,/home/rebecca/SCSN_meta_analysis/prelim_new/9_normalize/data/author_data/QC_counts/Schirmer_2019_10x_Chromium_V2_Motor_pre-motor_cortex_expression_author_data_QC_counts_5214_nuclei_8596_intersection_genes_lib_norm_log2.csv,/home/rebecca/SCSN_meta_analysis/prelim_new/11_dataset_mean_expr/data/author_data/normalized_counts/Schirmer_2019_10x_Chromium_V2_Motor_pre-motor_cortex_expression_author_data_normalized_counts_5214_nuclei_8596_intersection_genes_lib_norm_log2_mean_expr.csv,/home/rebecca/SCSN_meta_analysis/prelim_new/12_cell_class_annotations/data/author_data/Schirmer_2019_10x_Chromium_V2_Motor_pre-motor_cortex_barcode_annotations_cell_class_annotated.csv
Schirmer,2019,31316211,Normal,Cortex,Parietal cortex,Parietal cortex,PC,N,Y,10x Chromium V2,2362,15,4230.5,2015.5,Schirmer PC,/home/shared/scsn.expr_data/human_expr/postnatal/schirmer_2019/,/home/shared/scsn.expr_data/human_expr/postnatal/schirmer_2019/UCSC/parietal/matrix_parietal_controls.mtx,/home/shared/scsn.expr_data/human_expr/postnatal/schirmer_2019/UCSC/parietal/barcodes_parietal_controls.tsv,/home/shared/scsn.expr_data/human_expr/postnatal/schirmer_2019/UCSC/parietal/genes_parietal_controls.tsv,/home/shared/scsn.expr_data/human_expr/postnatal/schirmer_2019/UCSC/parietal/author_barcode_annotations_parietal_controls.csv,Schirmer_2019_10x_Chromium_V2_Parietal_cortex,Schirmer 2019,,22,/home/rebecca/SCSN_meta_analysis/prelim_new/4_map_identifiers/data/Schirmer_2019_10x_Chromium_V2_Parietal_cortex_genes_mapped.csv,/home/rebecca/SCSN_meta_analysis/prelim_new/5_QC/data/author_data/Schirmer_2019_10x_Chromium_V2_Parietal_cortex_expression_QC_counts_>.05%tile_genes_expressed_&_<=5%_mito_reads.mtx,/home/rebecca/SCSN_meta_analysis/prelim_new/5_QC/data/author_data/Schirmer_2019_10x_Chromium_V2_Parietal_cortex_barcodes_QC_counts_>.05%tile_genes_expressed_&_<=5%_mito_reads.csv,/home/rebecca/SCSN_meta_analysis/prelim_new/7_max_expr/data/author_data/QC_counts/Schirmer_2019_10x_Chromium_V2_Parietal_cortex_expression_author_data_QC_counts_2362_nuclei_15794_protein_coding_genes.csv,/home/rebecca/SCSN_meta_analysis/prelim_new/9_normalize/data/author_data/QC_counts/Schirmer_2019_10x_Chromium_V2_Parietal_cortex_expression_author_data_QC_counts_2362_nuclei_8596_intersection_genes_lib_norm_log2.csv,/home/rebecca/SCSN_meta_analysis/prelim_new/11_dataset_mean_expr/data/author_data/normalized_counts/Schirmer_2019_10x_Chromium_V2_Parietal_cortex_expression_author_data_normalized_counts_2362_nuclei_8596_intersection_genes_lib_norm_log2_mean_expr.csv,/home/rebecca/SCSN_meta_analysis/prelim_new/12_cell_class_annotations/data/author_data/Schirmer_2019_10x_Chromium_V2_Parietal_cortex_barcode_annotations_cell_class_annotated.csv
Schirmer,2019,31316211,Normal,Cortex,Frontal cortex,Prefrontal cortex,FC,N,Y,10x Chromium V2,8279,19,3838,2054,Schirmer PFC,/home/shared/scsn.expr_data/human_expr/postnatal/schirmer_2019/,/home/shared/scsn.expr_data/human_expr/postnatal/schirmer_2019/UCSC/PFC/matrix_PFC_controls.mtx,/home/shared/scsn.expr_data/human_expr/postnatal/schirmer_2019/UCSC/PFC/barcodes_PFC_controls.tsv,/home/shared/scsn.expr_data/human_expr/postnatal/schirmer_2019/UCSC/PFC/genes_PFC_controls.tsv,/home/shared/scsn.expr_data/human_expr/postnatal/schirmer_2019/UCSC/PFC/author_barcode_annotations_PFC_controls.csv,Schirmer_2019_10x_Chromium_V2_Prefrontal_cortex,Schirmer 2019,,22.5,/home/rebecca/SCSN_meta_analysis/prelim_new/4_map_identifiers/data/Schirmer_2019_10x_Chromium_V2_Prefrontal_cortex_genes_mapped.csv,/home/rebecca/SCSN_meta_analysis/prelim_new/5_QC/data/author_data/Schirmer_2019_10x_Chromium_V2_Prefrontal_cortex_expression_QC_counts_>.05%tile_genes_expressed_&_<=5%_mito_reads.mtx,/home/rebecca/SCSN_meta_analysis/prelim_new/5_QC/data/author_data/Schirmer_2019_10x_Chromium_V2_Prefrontal_cortex_barcodes_QC_counts_>.05%tile_genes_expressed_&_<=5%_mito_reads.csv,/home/rebecca/SCSN_meta_analysis/prelim_new/7_max_expr/data/author_data/QC_counts/Schirmer_2019_10x_Chromium_V2_Prefrontal_cortex_expression_author_data_QC_counts_8279_nuclei_16516_protein_coding_genes.csv,/home/rebecca/SCSN_meta_analysis/prelim_new/9_normalize/data/author_data/QC_counts/Schirmer_2019_10x_Chromium_V2_Prefrontal_cortex_expression_author_data_QC_counts_8279_nuclei_8596_intersection_genes_lib_norm_log2.csv,/home/rebecca/SCSN_meta_analysis/prelim_new/11_dataset_mean_expr/data/author_data/normalized_counts/Schirmer_2019_10x_Chromium_V2_Prefrontal_cortex_expression_author_data_normalized_counts_8279_nuclei_8596_intersection_genes_lib_norm_log2_mean_expr.csv,/home/rebecca/SCSN_meta_analysis/prelim_new/12_cell_class_annotations/data/author_data/Schirmer_2019_10x_Chromium_V2_Prefrontal_cortex_barcode_annotations_cell_class_annotated.csv
Tran,2020,34582785,Normal,Cortex,Frontal cortex,Dorsolateral prefrontal cortex,FC,Y,Y,10x Chromium V3,11145,19,7319,2633,Tran FC DLPFC,/home/shared/scsn.expr_data/human_expr/postnatal/tran_2020/,/home/shared/scsn.expr_data/human_expr/postnatal/tran_2020/DLPFC/matrix_DLPFC.mtx,/home/shared/scsn.expr_data/human_expr/postnatal/tran_2020/DLPFC/barcodes_DLPFC.tsv,/home/shared/scsn.expr_data/human_expr/postnatal/tran_2020/DLPFC/genes_DLPFC.tsv,/home/shared/scsn.expr_data/human_expr/postnatal/tran_2020/DLPFC/author_barcode_annotations_DLPFC.csv,Tran_2020_10x_Chromium_V3_Dorsolateral_prefrontal_cortex,Tran 2020,,29.7,/home/rebecca/SCSN_meta_analysis/prelim_new/4_map_identifiers/data/Tran_2020_10x_Chromium_V3_Dorsolateral_prefrontal_cortex_genes_mapped.csv,/home/rebecca/SCSN_meta_analysis/prelim_new/5_QC/data/author_data/Tran_2020_10x_Chromium_V3_Dorsolateral_prefrontal_cortex_expression_QC_counts_>.05%tile_genes_expressed_&_<=5%_mito_reads.mtx,/home/rebecca/SCSN_meta_analysis/prelim_new/5_QC/data/author_data/Tran_2020_10x_Chromium_V3_Dorsolateral_prefrontal_cortex_barcodes_QC_counts_>.05%tile_genes_expressed_&_<=5%_mito_reads.csv,/home/rebecca/SCSN_meta_analysis/prelim_new/7_max_expr/data/author_data/QC_counts/Tran_2020_10x_Chromium_V3_Dorsolateral_prefrontal_cortex_expression_author_data_QC_counts_11145_nuclei_16954_protein_coding_genes.csv,/home/rebecca/SCSN_meta_analysis/prelim_new/9_normalize/data/author_data/QC_counts/Tran_2020_10x_Chromium_V3_Dorsolateral_prefrontal_cortex_expression_author_data_QC_counts_11145_nuclei_8596_intersection_genes_lib_norm_log2.csv,/home/rebecca/SCSN_meta_analysis/prelim_new/11_dataset_mean_expr/data/author_data/normalized_counts/Tran_2020_10x_Chromium_V3_Dorsolateral_prefrontal_cortex_expression_author_data_normalized_counts_11145_nuclei_8596_intersection_genes_lib_norm_log2_mean_expr.csv,/home/rebecca/SCSN_meta_analysis/prelim_new/12_cell_class_annotations/data/author_data/Tran_2020_10x_Chromium_V3_Dorsolateral_prefrontal_cortex_barcode_annotations_cell_class_annotated.csv
Tran,2020,34582785,Normal,Cortex,Anterior cingulate cortex,Subgenual anterior cingulate cortex,FC,Y,N,10x Chromium V3,15267,25,11995,3730,Tran FC ACC,/home/shared/scsn.expr_data/human_expr/postnatal/tran_2020/,/home/shared/scsn.expr_data/human_expr/postnatal/tran_2020/ACC/matrix_ACC.mtx,/home/shared/scsn.expr_data/human_expr/postnatal/tran_2020/ACC/barcodes_ACC.tsv,/home/shared/scsn.expr_data/human_expr/postnatal/tran_2020/ACC/genes_ACC.tsv,/home/shared/scsn.expr_data/human_expr/postnatal/tran_2020/ACC/author_barcode_annotations_ACC.csv,Tran_2020_10x_Chromium_V3_Subgenual_anterior_cingulate_cortex,Tran 2020,,26,/home/rebecca/SCSN_meta_analysis/prelim_new/4_map_identifiers/data/Tran_2020_10x_Chromium_V3_Subgenual_anterior_cingulate_cortex_genes_mapped.csv,/home/rebecca/SCSN_meta_analysis/prelim_new/5_QC/data/author_data/Tran_2020_10x_Chromium_V3_Subgenual_anterior_cingulate_cortex_expression_QC_counts_>.05%tile_genes_expressed_&_<=5%_mito_reads.mtx,/home/rebecca/SCSN_meta_analysis/prelim_new/5_QC/data/author_data/Tran_2020_10x_Chromium_V3_Subgenual_anterior_cingulate_cortex_barcodes_QC_counts_>.05%tile_genes_expressed_&_<=5%_mito_reads.csv,/home/rebecca/SCSN_meta_analysis/prelim_new/7_max_expr/data/author_data/QC_counts/Tran_2020_10x_Chromium_V3_Subgenual_anterior_cingulate_cortex_expression_author_data_QC_counts_15267_nuclei_17032_protein_coding_genes.csv,/home/rebecca/SCSN_meta_analysis/prelim_new/9_normalize/data/author_data/QC_counts/Tran_2020_10x_Chromium_V3_Subgenual_anterior_cingulate_cortex_expression_author_data_QC_counts_15267_nuclei_8596_intersection_genes_lib_norm_log2.csv,/home/rebecca/SCSN_meta_analysis/prelim_new/11_dataset_mean_expr/data/author_data/normalized_counts/Tran_2020_10x_Chromium_V3_Subgenual_anterior_cingulate_cortex_expression_author_data_normalized_counts_15267_nuclei_8596_intersection_genes_lib_norm_log2_mean_expr.csv,/home/rebecca/SCSN_meta_analysis/prelim_new/12_cell_class_annotations/data/author_data/Tran_2020_10x_Chromium_V3_Subgenual_anterior_cingulate_cortex_barcode_annotations_cell_class_annotated.csv
Velmeshev,2019,31097668,Normal,Cortex,Frontal cortex,Prefrontal cortex,FC,N,Y,10x Chromium,12507,17,1897,1238,Velmeshev PFC,/home/shared/scsn.expr_data/human_expr/postnatal/velmeshev_2019/,/home/shared/scsn.expr_data/human_expr/postnatal/velmeshev_2019/PFC/matrix_PFC_adult_controls.mtx,/home/shared/scsn.expr_data/human_expr/postnatal/velmeshev_2019/PFC/barcodes_PFC_adult_controls.tsv,/home/shared/scsn.expr_data/human_expr/postnatal/velmeshev_2019/PFC/genes_PFC_adult_controls.tsv,/home/shared/scsn.expr_data/human_expr/postnatal/velmeshev_2019/PFC/author_barcode_annotations_PFC_adult_controls.csv,Velmeshev_2019_10x_Chromium_Prefrontal_cortex,Velmeshev 2019,30,18.9,/home/rebecca/SCSN_meta_analysis/prelim_new/4_map_identifiers/data/Velmeshev_2019_10x_Chromium_Prefrontal_cortex_genes_mapped.csv,/home/rebecca/SCSN_meta_analysis/prelim_new/5_QC/data/author_data/Velmeshev_2019_10x_Chromium_Prefrontal_cortex_expression_QC_counts_>.05%tile_genes_expressed_&_<=5%_mito_reads.mtx,/home/rebecca/SCSN_meta_analysis/prelim_new/5_QC/data/author_data/Velmeshev_2019_10x_Chromium_Prefrontal_cortex_barcodes_QC_counts_>.05%tile_genes_expressed_&_<=5%_mito_reads.csv,/home/rebecca/SCSN_meta_analysis/prelim_new/7_max_expr/data/author_data/QC_counts/Velmeshev_2019_10x_Chromium_Prefrontal_cortex_expression_author_data_QC_counts_12507_nuclei_16672_protein_coding_genes.csv,/home/rebecca/SCSN_meta_analysis/prelim_new/9_normalize/data/author_data/QC_counts/Velmeshev_2019_10x_Chromium_Prefrontal_cortex_expression_author_data_QC_counts_12507_nuclei_8596_intersection_genes_lib_norm_log2.csv,/home/rebecca/SCSN_meta_analysis/prelim_new/11_dataset_mean_expr/data/author_data/normalized_counts/Velmeshev_2019_10x_Chromium_Prefrontal_cortex_expression_author_data_normalized_counts_12507_nuclei_8596_intersection_genes_lib_norm_log2_mean_expr.csv,/home/rebecca/SCSN_meta_analysis/prelim_new/12_cell_class_annotations/data/author_data/Velmeshev_2019_10x_Chromium_Prefrontal_cortex_barcode_annotations_cell_class_annotated.csv
Velmeshev,2019,31097668,Normal,Cortex,Anterior cingulate cortex,BA24,FC,N,Y,10x Chromium,5196,17,1923.5,1260,Velmeshev FC BA24,/home/shared/scsn.expr_data/human_expr/postnatal/velmeshev_2019/,/home/shared/scsn.expr_data/human_expr/postnatal/velmeshev_2019/ACC/matrix_ACC_adult_controls.mtx,/home/shared/scsn.expr_data/human_expr/postnatal/velmeshev_2019/ACC/barcodes_ACC_adult_controls.tsv,/home/shared/scsn.expr_data/human_expr/postnatal/velmeshev_2019/ACC/genes_ACC_adult_controls.tsv,/home/shared/scsn.expr_data/human_expr/postnatal/velmeshev_2019/ACC/author_barcode_annotations_ACC_adult_controls.csv,Velmeshev_2019_10x_Chromium_BA24,Velmeshev 2019,30,17.5,/home/rebecca/SCSN_meta_analysis/prelim_new/4_map_identifiers/data/Velmeshev_2019_10x_Chromium_BA24_genes_mapped.csv,/home/rebecca/SCSN_meta_analysis/prelim_new/5_QC/data/author_data/Velmeshev_2019_10x_Chromium_BA24_expression_QC_counts_>.05%tile_genes_expressed_&_<=5%_mito_reads.mtx,/home/rebecca/SCSN_meta_analysis/prelim_new/5_QC/data/author_data/Velmeshev_2019_10x_Chromium_BA24_barcodes_QC_counts_>.05%tile_genes_expressed_&_<=5%_mito_reads.csv,/home/rebecca/SCSN_meta_analysis/prelim_new/7_max_expr/data/author_data/QC_counts/Velmeshev_2019_10x_Chromium_BA24_expression_author_data_QC_counts_5196_nuclei_16448_protein_coding_genes.csv,/home/rebecca/SCSN_meta_analysis/prelim_new/9_normalize/data/author_data/QC_counts/Velmeshev_2019_10x_Chromium_BA24_expression_author_data_QC_counts_5196_nuclei_8596_intersection_genes_lib_norm_log2.csv,/home/rebecca/SCSN_meta_analysis/prelim_new/11_dataset_mean_expr/data/author_data/normalized_counts/Velmeshev_2019_10x_Chromium_BA24_expression_author_data_normalized_counts_5196_nuclei_8596_intersection_genes_lib_norm_log2_mean_expr.csv,/home/rebecca/SCSN_meta_analysis/prelim_new/12_cell_class_annotations/data/author_data/Velmeshev_2019_10x_Chromium_BA24_barcode_annotations_cell_class_annotated.csv
Yang,2021,34153974,Normal,Cortex,Frontal cortex,Medial frontal gyrus,FC,N,Y,10x Chromium V3,13829,14,2599.59595910048,1458,Yang FC MED,/home/shared/scsn.expr_data/human_expr/postnatal/yang_2021_COVID/,/home/shared/scsn.expr_data/human_expr/postnatal/yang_2021_COVID/Stanford/PFC/matrix_PFC_controls.mtx,/home/shared/scsn.expr_data/human_expr/postnatal/yang_2021_COVID/Stanford/PFC/barcodes_PFC_controls.tsv,/home/shared/scsn.expr_data/human_expr/postnatal/yang_2021_COVID/Stanford/PFC/genes_PFC_controls.tsv,/home/shared/scsn.expr_data/human_expr/postnatal/yang_2021_COVID/Stanford/PFC/author_barcode_annotations_PFC_controls.csv,Yang_2021_10x_Chromium_V3_Medial_frontal_gyrus,Yang 2021,40,,/home/rebecca/SCSN_meta_analysis/prelim_new/4_map_identifiers/data/Yang_2021_10x_Chromium_V3_Medial_frontal_gyrus_genes_mapped.csv,/home/rebecca/SCSN_meta_analysis/prelim_new/5_QC/data/author_data/Yang_2021_10x_Chromium_V3_Medial_frontal_gyrus_expression_QC_counts_>.05%tile_genes_expressed_&_<=5%_mito_reads.mtx,/home/rebecca/SCSN_meta_analysis/prelim_new/5_QC/data/author_data/Yang_2021_10x_Chromium_V3_Medial_frontal_gyrus_barcodes_QC_counts_>.05%tile_genes_expressed_&_<=5%_mito_reads.csv,/home/rebecca/SCSN_meta_analysis/prelim_new/7_max_expr/data/author_data/QC_counts/Yang_2021_10x_Chromium_V3_Medial_frontal_gyrus_expression_author_data_QC_counts_13829_nuclei_16721_protein_coding_genes.csv,/home/rebecca/SCSN_meta_analysis/prelim_new/9_normalize/data/author_data/QC_counts/Yang_2021_10x_Chromium_V3_Medial_frontal_gyrus_expression_author_data_QC_counts_13829_nuclei_8596_intersection_genes_lib_norm_log2.csv,/home/rebecca/SCSN_meta_analysis/prelim_new/11_dataset_mean_expr/data/author_data/normalized_counts/Yang_2021_10x_Chromium_V3_Medial_frontal_gyrus_expression_author_data_normalized_counts_13829_nuclei_8596_intersection_genes_lib_norm_log2_mean_expr.csv,/home/rebecca/SCSN_meta_analysis/prelim_new/12_cell_class_annotations/data/author_data/Yang_2021_10x_Chromium_V3_Medial_frontal_gyrus_barcode_annotations_cell_class_annotated.csv
Yang,2021,35165441,Normal,Cortex,Frontal cortex,Superior frontal cortex,FC,Y,N,10x Chromium V3,53834,,925,696,Yang FC SUP,/home/shared/scsn.expr_data/human_expr/postnatal/yang_2021_AD/,/home/shared/scsn.expr_data/human_expr/postnatal/yang_2021_AD/FCX/matrix_FCX_controls.mtx,/home/shared/scsn.expr_data/human_expr/postnatal/yang_2021_AD/FCX/barcodes_FCX_controls.tsv,/home/shared/scsn.expr_data/human_expr/postnatal/yang_2021_AD/FCX/genes_FCX_controls.tsv,,Yang_2021_10x_Chromium_V3_Superior_frontal_cortex,Yang 2021  ,40,5.8,/home/rebecca/SCSN_meta_analysis/prelim_new/4_map_identifiers/data/Yang_2021_10x_Chromium_V3_Superior_frontal_cortex_genes_mapped.csv,/home/rebecca/SCSN_meta_analysis/prelim_new/5_QC/data/author_data/Yang_2021_10x_Chromium_V3_Superior_frontal_cortex_expression_QC_counts_>.05%tile_genes_expressed_&_<=5%_mito_reads.mtx,/home/rebecca/SCSN_meta_analysis/prelim_new/5_QC/data/author_data/Yang_2021_10x_Chromium_V3_Superior_frontal_cortex_barcodes_QC_counts_>.05%tile_genes_expressed_&_<=5%_mito_reads.csv,/home/rebecca/SCSN_meta_analysis/prelim_new/7_max_expr/data/author_data/QC_counts/Yang_2021_10x_Chromium_V3_Superior_frontal_cortex_expression_author_data_QC_counts_53834_nuclei_16449_protein_coding_genes.csv,/home/rebecca/SCSN_meta_analysis/prelim_new/9_normalize/data/author_data/QC_counts/Yang_2021_10x_Chromium_V3_Superior_frontal_cortex_expression_author_data_QC_counts_53834_nuclei_8596_intersection_genes_lib_norm_log2.csv,/home/rebecca/SCSN_meta_analysis/prelim_new/11_dataset_mean_expr/data/author_data/normalized_counts/Yang_2021_10x_Chromium_V3_Superior_frontal_cortex_expression_author_data_normalized_counts_53834_nuclei_8596_intersection_genes_lib_norm_log2_mean_expr.csv,
Nagy,2020,32341540,Normal,Cortex,Frontal cortex,BA9,FC,N,Y,10x Chromium V2,32548,28,2103,1460,Nagy FC BA9,/home/shared/scsn.expr_data/human_expr/postnatal/nagy_2020/,/home/shared/scsn.expr_data/human_expr/postnatal/nagy_2020/controls/matrix_controls.mtx,/home/shared/scsn.expr_data/human_expr/postnatal/nagy_2020/controls/barcodes_controls.tsv,/home/shared/scsn.expr_data/human_expr/postnatal/nagy_2020/controls/genes_controls.tsv,/home/shared/scsn.expr_data/human_expr/postnatal/nagy_2020/controls/author_barcode_annotations_controls.csv,Nagy_2020_10x_Chromium_V2_BA9,Nagy 2020,30,34,/home/rebecca/SCSN_meta_analysis/prelim_new/4_map_identifiers/data/Nagy_2020_10x_Chromium_V2_BA9_genes_mapped.csv,/home/rebecca/SCSN_meta_analysis/prelim_new/5_QC/data/author_data/Nagy_2020_10x_Chromium_V2_BA9_expression_QC_counts_>.05%tile_genes_expressed_&_<=5%_mito_reads.mtx,/home/rebecca/SCSN_meta_analysis/prelim_new/5_QC/data/author_data/Nagy_2020_10x_Chromium_V2_BA9_barcodes_QC_counts_>.05%tile_genes_expressed_&_<=5%_mito_reads.csv,/home/rebecca/SCSN_meta_analysis/prelim_new/7_max_expr/data/author_data/QC_counts/Nagy_2020_10x_Chromium_V2_BA9_expression_author_data_QC_counts_32548_nuclei_17179_protein_coding_genes.csv,/home/rebecca/SCSN_meta_analysis/prelim_new/9_normalize/data/author_data/QC_counts/Nagy_2020_10x_Chromium_V2_BA9_expression_author_data_QC_counts_32548_nuclei_8596_intersection_genes_lib_norm_log2.csv,/home/rebecca/SCSN_meta_analysis/prelim_new/11_dataset_mean_expr/data/author_data/normalized_counts/Nagy_2020_10x_Chromium_V2_BA9_expression_author_data_normalized_counts_32548_nuclei_8596_intersection_genes_lib_norm_log2_mean_expr.csv,/home/rebecca/SCSN_meta_analysis/prelim_new/12_cell_class_annotations/data/author_data/Nagy_2020_10x_Chromium_V2_BA9_barcode_annotations_cell_class_annotated.csv
Grubman,2019,31768052,Normal,Cortex,Temporal lobe,Entorhinal cortex,TC,Y,Y,10x Chromium V3,5729,16,877,656,Grubman TC EC,/home/shared/scsn.expr_data/human_expr/postnatal/grubman_2019/,/home/shared/scsn.expr_data/human_expr/postnatal/grubman_2019/controls/expression_controls.csv,/home/shared/scsn.expr_data/human_expr/postnatal/grubman_2019/controls/barcodes_controls.tsv,/home/shared/scsn.expr_data/human_expr/postnatal/grubman_2019/controls/genes_controls.tsv,/home/shared/scsn.expr_data/human_expr/postnatal/grubman_2019/controls/author_barcode_annotations_controls.csv,Grubman_2019_10x_Chromium_V3_Entorhinal_cortex,Grubman 2019,40,36.7,/home/rebecca/SCSN_meta_analysis/prelim_new/4_map_identifiers/data/Grubman_2019_10x_Chromium_V3_Entorhinal_cortex_genes_mapped.csv,/home/rebecca/SCSN_meta_analysis/prelim_new/5_QC/data/author_data/Grubman_2019_10x_Chromium_V3_Entorhinal_cortex_expression_QC_counts_>.05%tile_genes_expressed_&_<=5%_mito_reads.csv,/home/rebecca/SCSN_meta_analysis/prelim_new/5_QC/data/author_data/Grubman_2019_10x_Chromium_V3_Entorhinal_cortex_barcodes_QC_counts_>.05%tile_genes_expressed_&_<=5%_mito_reads.csv,/home/rebecca/SCSN_meta_analysis/prelim_new/7_max_expr/data/author_data/QC_counts/Grubman_2019_10x_Chromium_V3_Entorhinal_cortex_expression_author_data_QC_counts_5729_nuclei_9575_protein_coding_genes.csv,/home/rebecca/SCSN_meta_analysis/prelim_new/9_normalize/data/author_data/QC_counts/Grubman_2019_10x_Chromium_V3_Entorhinal_cortex_expression_author_data_QC_counts_5729_nuclei_8596_intersection_genes_lib_norm_log2.csv,/home/rebecca/SCSN_meta_analysis/prelim_new/11_dataset_mean_expr/data/author_data/normalized_counts/Grubman_2019_10x_Chromium_V3_Entorhinal_cortex_expression_author_data_normalized_counts_5729_nuclei_8596_intersection_genes_lib_norm_log2_mean_expr.csv,/home/rebecca/SCSN_meta_analysis/prelim_new/12_cell_class_annotations/data/author_data/Grubman_2019_10x_Chromium_V3_Entorhinal_cortex_barcode_annotations_cell_class_annotated.csv
Franjic,2022,34798047,Normal,Cortex,Temporal lobe,Entorhinal cortex,TC,N,Y,10x Chromium V3,27310,63,3169,1747,Franjic TC EC,/home/shared/scsn.expr_data/human_expr/postnatal/franjic_2022/,/home/shared/scsn.expr_data/human_expr/postnatal/franjic_2022/EC/matrix_EC.mtx,/home/shared/scsn.expr_data/human_expr/postnatal/franjic_2022/EC/barcodes_EC.tsv,/home/shared/scsn.expr_data/human_expr/postnatal/franjic_2022/EC/genes_EC.tsv,/home/shared/scsn.expr_data/human_expr/postnatal/franjic_2022/EC/author_barcode_annotations_EC.csv,Franjic_2022_10x_Chromium_V3_Entorhinal_cortex,Franjic 2022,35,12.7,/home/rebecca/SCSN_meta_analysis/prelim_new/4_map_identifiers/data/Franjic_2022_10x_Chromium_V3_Entorhinal_cortex_genes_mapped.csv,/home/rebecca/SCSN_meta_analysis/prelim_new/5_QC/data/author_data/Franjic_2022_10x_Chromium_V3_Entorhinal_cortex_expression_QC_counts_>.05%tile_genes_expressed_&_<=5%_mito_reads.mtx,/home/rebecca/SCSN_meta_analysis/prelim_new/5_QC/data/author_data/Franjic_2022_10x_Chromium_V3_Entorhinal_cortex_barcodes_QC_counts_>.05%tile_genes_expressed_&_<=5%_mito_reads.csv,/home/rebecca/SCSN_meta_analysis/prelim_new/7_max_expr/data/author_data/QC_counts/Franjic_2022_10x_Chromium_V3_Entorhinal_cortex_expression_author_data_QC_counts_27310_nuclei_17122_protein_coding_genes.csv,/home/rebecca/SCSN_meta_analysis/prelim_new/9_normalize/data/author_data/QC_counts/Franjic_2022_10x_Chromium_V3_Entorhinal_cortex_expression_author_data_QC_counts_27310_nuclei_8596_intersection_genes_lib_norm_log2.csv,/home/rebecca/SCSN_meta_analysis/prelim_new/11_dataset_mean_expr/data/author_data/normalized_counts/Franjic_2022_10x_Chromium_V3_Entorhinal_cortex_expression_author_data_normalized_counts_27310_nuclei_8596_intersection_genes_lib_norm_log2_mean_expr.csv,/home/rebecca/SCSN_meta_analysis/prelim_new/12_cell_class_annotations/data/author_data/Franjic_2022_10x_Chromium_V3_Entorhinal_cortex_barcode_annotations_cell_class_annotated.csv
Fullard,2021,34281603,Normal,Cortex,Frontal cortex,Dorsolateral prefrontal cortex,FC,N,Y,10x Chromium,9953,15,6078,2493,Fullard DLPFC,/home/shared/scsn.expr_data/human_expr/postnatal/fullard_2021/,/home/shared/scsn.expr_data/human_expr/postnatal/fullard_2021/DLPFC/matrix_PFC_controls.mtx,/home/shared/scsn.expr_data/human_expr/postnatal/fullard_2021/DLPFC/barcodes_DLPFC_controls.tsv,/home/shared/scsn.expr_data/human_expr/postnatal/fullard_2021/DLPFC/genes_DLPFC_controls.tsv,/home/shared/scsn.expr_data/human_expr/postnatal/fullard_2021/DLPFC/author_barcode_annotations_DLPFC.csv,Fullard_2021_10x_Chromium_Dorsolateral_prefrontal_cortex,Fullard 2021,,15.1,/home/rebecca/SCSN_meta_analysis/prelim_new/4_map_identifiers/data/Fullard_2021_10x_Chromium_Dorsolateral_prefrontal_cortex_genes_mapped.csv,/home/rebecca/SCSN_meta_analysis/prelim_new/5_QC/data/author_data/Fullard_2021_10x_Chromium_Dorsolateral_prefrontal_cortex_expression_QC_counts_>.05%tile_genes_expressed_&_<=5%_mito_reads.mtx,/home/rebecca/SCSN_meta_analysis/prelim_new/5_QC/data/author_data/Fullard_2021_10x_Chromium_Dorsolateral_prefrontal_cortex_barcodes_QC_counts_>.05%tile_genes_expressed_&_<=5%_mito_reads.csv,/home/rebecca/SCSN_meta_analysis/prelim_new/7_max_expr/data/author_data/QC_counts/Fullard_2021_10x_Chromium_Dorsolateral_prefrontal_cortex_expression_author_data_QC_counts_9953_nuclei_14701_protein_coding_genes.csv,/home/rebecca/SCSN_meta_analysis/prelim_new/9_normalize/data/author_data/QC_counts/Fullard_2021_10x_Chromium_Dorsolateral_prefrontal_cortex_expression_author_data_QC_counts_9953_nuclei_8596_intersection_genes_lib_norm_log2.csv,/home/rebecca/SCSN_meta_analysis/prelim_new/11_dataset_mean_expr/data/author_data/normalized_counts/Fullard_2021_10x_Chromium_Dorsolateral_prefrontal_cortex_expression_author_data_normalized_counts_9953_nuclei_8596_intersection_genes_lib_norm_log2_mean_expr.csv,/home/rebecca/SCSN_meta_analysis/prelim_new/12_cell_class_annotations/data/author_data/Fullard_2021_10x_Chromium_Dorsolateral_prefrontal_cortex_barcode_annotations_cell_class_annotated.csv
Lau,2020,32989152,Normal,Cortex,Frontal cortex,BA6 | BA8 | BA9,FC,Y,N,10x Chromium V3,83513,,2672,1541,Lau FC,/home/shared/scsn.expr_data/human_expr/postnatal/lau_2020/,/home/shared/scsn.expr_data/human_expr/postnatal/lau_2020/controls/matrix_controls.mtx,/home/shared/scsn.expr_data/human_expr/postnatal/lau_2020/controls/barcodes_controls.tsv,/home/shared/scsn.expr_data/human_expr/postnatal/lau_2020/controls/genes_controls.tsv,,Lau_2020_10x_Chromium_V3_BA6_BA8_BA9,Lau 2020,,28.7,/home/rebecca/SCSN_meta_analysis/prelim_new/4_map_identifiers/data/Lau_2020_10x_Chromium_V3_BA6_BA8_BA9_genes_mapped.csv,/home/rebecca/SCSN_meta_analysis/prelim_new/5_QC/data/author_data/Lau_2020_10x_Chromium_V3_BA6_BA8_BA9_expression_QC_counts_>.05%tile_genes_expressed_&_<=5%_mito_reads.mtx,/home/rebecca/SCSN_meta_analysis/prelim_new/5_QC/data/author_data/Lau_2020_10x_Chromium_V3_BA6_BA8_BA9_barcodes_QC_counts_>.05%tile_genes_expressed_&_<=5%_mito_reads.csv,/home/rebecca/SCSN_meta_analysis/prelim_new/7_max_expr/data/author_data/QC_counts/Lau_2020_10x_Chromium_V3_BA6_BA8_BA9_expression_author_data_QC_counts_83513_nuclei_17292_protein_coding_genes.csv,/home/rebecca/SCSN_meta_analysis/prelim_new/9_normalize/data/author_data/QC_counts/Lau_2020_10x_Chromium_V3_BA6_BA8_BA9_expression_author_data_QC_counts_83513_nuclei_8596_intersection_genes_lib_norm_log2.csv,/home/rebecca/SCSN_meta_analysis/prelim_new/11_dataset_mean_expr/data/author_data/normalized_counts/Lau_2020_10x_Chromium_V3_BA6_BA8_BA9_expression_author_data_normalized_counts_83513_nuclei_8596_intersection_genes_lib_norm_log2_mean_expr.csv,
Morabito,2021,34239132,Normal,Cortex,Frontal cortex,Prefrontal cortex,FC,Y,Y,10x Chromium V3,22682,34,5409.5,2119,Morabito PFC,/home/shared/scsn.expr_data/human_expr/postnatal/morabito_2021/,/home/shared/scsn.expr_data/human_expr/postnatal/morabito_2021/controls/matrix_controls.mtx,/home/shared/scsn.expr_data/human_expr/postnatal/morabito_2021/controls/barcodes_controls.tsv,/home/shared/scsn.expr_data/human_expr/postnatal/morabito_2021/controls/genes_controls.tsv,/home/shared/scsn.expr_data/human_expr/postnatal/morabito_2021/controls/author_barcode_annotations_controls.csv,Morabito_2021_10x_Chromium_V3_Prefrontal_cortex,Morabito 2021,70,4.7,/home/rebecca/SCSN_meta_analysis/prelim_new/4_map_identifiers/data/Morabito_2021_10x_Chromium_V3_Prefrontal_cortex_genes_mapped.csv,/home/rebecca/SCSN_meta_analysis/prelim_new/5_QC/data/author_data/Morabito_2021_10x_Chromium_V3_Prefrontal_cortex_expression_QC_counts_>.05%tile_genes_expressed_&_<=5%_mito_reads.mtx,/home/rebecca/SCSN_meta_analysis/prelim_new/5_QC/data/author_data/Morabito_2021_10x_Chromium_V3_Prefrontal_cortex_barcodes_QC_counts_>.05%tile_genes_expressed_&_<=5%_mito_reads.csv,/home/rebecca/SCSN_meta_analysis/prelim_new/7_max_expr/data/author_data/QC_counts/Morabito_2021_10x_Chromium_V3_Prefrontal_cortex_expression_author_data_QC_counts_22682_nuclei_16905_protein_coding_genes.csv,/home/rebecca/SCSN_meta_analysis/prelim_new/9_normalize/data/author_data/QC_counts/Morabito_2021_10x_Chromium_V3_Prefrontal_cortex_expression_author_data_QC_counts_22682_nuclei_8596_intersection_genes_lib_norm_log2.csv,/home/rebecca/SCSN_meta_analysis/prelim_new/11_dataset_mean_expr/data/author_data/normalized_counts/Morabito_2021_10x_Chromium_V3_Prefrontal_cortex_expression_author_data_normalized_counts_22682_nuclei_8596_intersection_genes_lib_norm_log2_mean_expr.csv,/home/rebecca/SCSN_meta_analysis/prelim_new/12_cell_class_annotations/data/author_data/Morabito_2021_10x_Chromium_V3_Prefrontal_cortex_barcode_annotations_cell_class_annotated.csv
Luo,2019,35419551,Normal,Cortex,Frontal cortex,BA10,FC,Y,N,snmCAT-seq,4230,22,50293,3212,Luo FC BA10,/home/shared/scsn.expr_data/human_expr/postnatal/luo_2019/,/home/shared/scsn.expr_data/human_expr/postnatal/luo_2019/snmC2T/matrix.mtx,/home/shared/scsn.expr_data/human_expr/postnatal/luo_2019/snmC2T/barcodes.tsv,/home/shared/scsn.expr_data/human_expr/postnatal/luo_2019/snmC2T/genes.tsv,/home/shared/scsn.expr_data/human_expr/postnatal/luo_2019/snmC2T/author_barcode_annotations.csv,Luo_2019_snmCAT-seq_BA10,Luo 2019,,13.5,/home/rebecca/SCSN_meta_analysis/prelim_new/4_map_identifiers/data/Luo_2019_snmCAT-seq_BA10_genes_mapped.csv,/home/rebecca/SCSN_meta_analysis/prelim_new/5_QC/data/author_data/Luo_2019_snmCAT-seq_BA10_expression_QC_counts_>.05%tile_genes_expressed_&_<=5%_mito_reads.mtx,/home/rebecca/SCSN_meta_analysis/prelim_new/5_QC/data/author_data/Luo_2019_snmCAT-seq_BA10_barcodes_QC_counts_>.05%tile_genes_expressed_&_<=5%_mito_reads.csv,/home/rebecca/SCSN_meta_analysis/prelim_new/7_max_expr/data/author_data/QC_counts/Luo_2019_snmCAT-seq_BA10_expression_author_data_QC_counts_4230_nuclei_16036_protein_coding_genes.csv,/home/rebecca/SCSN_meta_analysis/prelim_new/9_normalize/data/author_data/QC_counts/Luo_2019_snmCAT-seq_BA10_expression_author_data_QC_counts_4230_nuclei_8596_intersection_genes_lib_norm_log2.csv,/home/rebecca/SCSN_meta_analysis/prelim_new/11_dataset_mean_expr/data/author_data/normalized_counts/Luo_2019_snmCAT-seq_BA10_expression_author_data_normalized_counts_4230_nuclei_8596_intersection_genes_lib_norm_log2_mean_expr.csv,/home/rebecca/SCSN_meta_analysis/prelim_new/12_cell_class_annotations/data/author_data/Luo_2019_snmCAT-seq_BA10_barcode_annotations_cell_class_annotated.csv
Luo,2019,35419551,Normal,Cortex,Frontal cortex,BA44-45,FC,Y,N,10x Chromium V3,14478,75,21058,5761,Luo FC BA44-45,/home/shared/scsn.expr_data/human_expr/postnatal/luo_2019/,/home/shared/scsn.expr_data/human_expr/postnatal/luo_2019/10x/BA44-45/matrix_BA44.mtx,/home/shared/scsn.expr_data/human_expr/postnatal/luo_2019/10x/BA44-45/barcodes_BA44.tsv,/home/shared/scsn.expr_data/human_expr/postnatal/luo_2019/10x/BA44-45/genes_BA44.tsv,/home/shared/scsn.expr_data/human_expr/postnatal/luo_2019/10x/BA44-45/author_barcode_annotations_BA44.csv,Luo_2019_10x_Chromium_V3_BA44-45,Luo 2019,,12,/home/rebecca/SCSN_meta_analysis/prelim_new/4_map_identifiers/data/Luo_2019_10x_Chromium_V3_BA44-45_genes_mapped.csv,/home/rebecca/SCSN_meta_analysis/prelim_new/5_QC/data/author_data/Luo_2019_10x_Chromium_V3_BA44-45_expression_QC_counts_>.05%tile_genes_expressed_&_<=5%_mito_reads.mtx,/home/rebecca/SCSN_meta_analysis/prelim_new/5_QC/data/author_data/Luo_2019_10x_Chromium_V3_BA44-45_barcodes_QC_counts_>.05%tile_genes_expressed_&_<=5%_mito_reads.csv,/home/rebecca/SCSN_meta_analysis/prelim_new/7_max_expr/data/author_data/QC_counts/Luo_2019_10x_Chromium_V3_BA44-45_expression_author_data_QC_counts_14478_nuclei_17481_protein_coding_genes.csv,/home/rebecca/SCSN_meta_analysis/prelim_new/9_normalize/data/author_data/QC_counts/Luo_2019_10x_Chromium_V3_BA44-45_expression_author_data_QC_counts_14478_nuclei_8596_intersection_genes_lib_norm_log2.csv,/home/rebecca/SCSN_meta_analysis/prelim_new/11_dataset_mean_expr/data/author_data/normalized_counts/Luo_2019_10x_Chromium_V3_BA44-45_expression_author_data_normalized_counts_14478_nuclei_8596_intersection_genes_lib_norm_log2_mean_expr.csv,/home/rebecca/SCSN_meta_analysis/prelim_new/12_cell_class_annotations/data/author_data/Luo_2019_10x_Chromium_V3_BA44-45_barcode_annotations_cell_class_annotated.csv
Luo,2019,35419551,Normal,Cortex,Frontal cortex,BA46,FC,Y,N,10x Chromium V3,8783,73,17803,5376,Luo FC BA46,/home/shared/scsn.expr_data/human_expr/postnatal/luo_2019/,/home/shared/scsn.expr_data/human_expr/postnatal/luo_2019/10x/BA46/matrix_BA46.mtx,/home/shared/scsn.expr_data/human_expr/postnatal/luo_2019/10x/BA46/barcodes_BA46.tsv,/home/shared/scsn.expr_data/human_expr/postnatal/luo_2019/10x/BA46/genes_BA46.tsv,/home/shared/scsn.expr_data/human_expr/postnatal/luo_2019/10x/BA46/author_barcode_annotations_BA46.csv,Luo_2019_10x_Chromium_V3_BA46,Luo 2019,,12,/home/rebecca/SCSN_meta_analysis/prelim_new/4_map_identifiers/data/Luo_2019_10x_Chromium_V3_BA46_genes_mapped.csv,/home/rebecca/SCSN_meta_analysis/prelim_new/5_QC/data/author_data/Luo_2019_10x_Chromium_V3_BA46_expression_QC_counts_>.05%tile_genes_expressed_&_<=5%_mito_reads.mtx,/home/rebecca/SCSN_meta_analysis/prelim_new/5_QC/data/author_data/Luo_2019_10x_Chromium_V3_BA46_barcodes_QC_counts_>.05%tile_genes_expressed_&_<=5%_mito_reads.csv,/home/rebecca/SCSN_meta_analysis/prelim_new/7_max_expr/data/author_data/QC_counts/Luo_2019_10x_Chromium_V3_BA46_expression_author_data_QC_counts_8783_nuclei_17312_protein_coding_genes.csv,/home/rebecca/SCSN_meta_analysis/prelim_new/9_normalize/data/author_data/QC_counts/Luo_2019_10x_Chromium_V3_BA46_expression_author_data_QC_counts_8783_nuclei_8596_intersection_genes_lib_norm_log2.csv,/home/rebecca/SCSN_meta_analysis/prelim_new/11_dataset_mean_expr/data/author_data/normalized_counts/Luo_2019_10x_Chromium_V3_BA46_expression_author_data_normalized_counts_8783_nuclei_8596_intersection_genes_lib_norm_log2_mean_expr.csv,/home/rebecca/SCSN_meta_analysis/prelim_new/12_cell_class_annotations/data/author_data/Luo_2019_10x_Chromium_V3_BA46_barcode_annotations_cell_class_annotated.csv
